지역,연령별,성별,1인당 연소득,주관적 건강수준,걷기 실천,격렬한 신체활동 실천,긍정적 태도율(자연환경),주관적 스트레스 수준,우울감 경험률,중등도 신체활동 실천,체중조절 경험 여부,행복감 지수
서울시,계,계,2029.6,39.3,59.6,16.2,75.7,24.5,6.3,10.4,66.5,7.01
서울시,계,남,2066.9,44.4,62.3,20.4,77.4,22.6,4.6,12.3,60.0,7.05
서울시,계,여,2000.3,35.3,57.5,13.0,74.4,26.1,7.7,8.9,71.5,6.98
서울시,19~44,계,2235.7,52.2,62.6,19.5,71.5,31.2,6.4,8.8,72.7,7.12
서울시,19~44,남,2270.1,56.6,65.8,25.4,74.0,28.7,4.8,11.5,67.0,7.17
서울시,19~44,여,2206.0,48.5,59.8,14.5,69.4,33.3,7.8,6.6,77.7,7.07
서울시,45~64,계,2229.6,36.9,59.0,17.3,75.2,23.1,5.9,12.0,70.6,7.04
서울시,45~64,남,2252.8,40.8,58.8,20.1,77.1,22.5,4.5,12.9,60.9,7.03
서울시,45~64,여,2212.3,34.0,59.2,15.2,73.8,23.5,6.9,11.3,77.8,7.05
서울시,65~74,계,1571.4,26.9,60.0,13.0,80.5,17.1,6.2,12.5,60.1,6.9
서울시,65~74,남,1686.7,33.0,62.6,15.6,81.7,14.4,4.2,13.9,52.3,6.91
서울시,65~74,여,1485.3,22.3,58.0,11.0,79.6,19.1,7.7,11.4,66.0,6.89
서울시,75 이상,계,1280.1,20.3,50.7,5.9,85.2,17.2,7.4,7.8,39.5,6.7
서울시,75 이상,남,1206.3,26.9,60.5,9.2,84.8,11.6,4.6,11.5,41.3,6.87
서울시,75 이상,여,1334.9,15.5,43.5,3.4,85.5,21.3,9.4,5.0,38.2,6.58
영등포구,계,계,2275.5,39.1,71.1,18.0,53.6,25.8,8.1,11.0,69.3,7.2
영등포구,계,남,2366.8,44.6,72.1,21.6,56.0,22.0,4.2,13.1,62.4,7.34
영등포구,계,여,2195.8,34.3,70.2,14.6,51.4,29.1,11.5,9.1,75.4,7.08
영등포구,19~44,계,2578.2,47.3,69.6,19.3,54.5,34.4,8.7,10.8,76.5,7.1
영등포구,19~44,남,2636.7,50.8,71.2,23.5,57.5,29.9,3.4,14.9,73.4,7.36
영등포구,19~44,여,2523.3,43.9,68.0,14.9,51.5,38.7,13.8,6.7,79.6,6.86
영등포구,45~64,계,2405.3,37.3,75.3,21.1,46.5,22.1,7.6,10.5,67.5,7.18
영등포구,45~64,남,2596.6,40.3,74.8,24.4,47.1,20.1,4.9,10.2,54.9,7.12
영등포구,45~64,여,2254.9,34.9,75.7,18.5,46.1,23.7,9.7,10.8,77.3,7.23
영등포구,65~74,계,1711.8,30.1,72.5,12.7,56.8,20.9,10.5,10.8,68.0,7.42
영등포구,65~74,남,1722.1,40.3,71.6,16.4,57.8,11.9,6.0,11.3,61.2,7.75
영등포구,65~74,여,1703.8,22.1,73.3,9.6,56.1,27.9,14.0,10.4,73.3,7.16
영등포구,75 이상,계,1258.9,26.7,56.8,6.9,74.3,10.7,2.7,14.5,45.3,7.36
영등포구,75 이상,남,1340.9,40.0,67.5,11.4,78.9,10.0,2.5,18.9,42.5,7.42
영등포구,75 이상,여,1153.8,11.4,44.1,0.0,68.8,11.4,2.9,8.0,48.6,7.29
양천구,계,계,2077.8,42.1,61.7,16.4,80.3,24.7,6.9,10.4,68.5,7.25
양천구,계,남,2077.2,43.2,63.4,17.9,79.4,24.2,6.1,11.6,60.4,7.2
양천구,계,여,2078.2,41.2,60.5,15.3,81.0,25.0,7.5,9.4,74.8,7.28
양천구,19~44,계,2232.0,54.7,66.3,17.5,79.6,34.9,6.2,8.9,67.8,7.35
양천구,19~44,남,2196.9,54.7,70.7,21.3,80.8,30.7,4.7,12.0,56.7,7.31
양천구,19~44,여,2261.8,54.8,62.8,14.4,78.6,38.3,7.4,6.4,76.6,7.38
양천구,45~64,계,2319.9,39.3,59.1,18.0,78.7,22.6,7.6,10.2,75.6,7.32
양천구,45~64,남,2374.1,38.6,56.7,18.1,76.2,25.1,7.6,11.1,69.0,7.23
양천구,45~64,여,2275.5,39.9,61.0,17.9,80.5,20.6,7.6,9.4,80.7,7.39
양천구,65~74,계,1332.7,20.5,67.0,15.2,83.9,14.3,6.2,17.9,58.9,6.84
양천구,65~74,남,1348.7,26.0,72.0,14.0,86.0,10.0,4.0,16.0,48.0,6.96
양천구,65~74,여,1318.8,16.1,62.9,16.1,82.3,17.7,8.1,19.4,67.7,6.74
양천구,75 이상,계,1249.2,31.0,46.5,4.2,87.3,4.2,7.0,7.0,47.9,6.99
양천구,75 이상,남,798.4,40.0,48.0,4.0,80.0,8.0,8.0,4.0,48.0,6.88
양천구,75 이상,여,1487.1,26.1,45.7,4.3,91.3,2.2,6.5,8.7,47.8,7.05
마포구,계,계,1998.0,37.7,58.8,12.9,69.7,27.5,7.7,7.8,72.3,7.13
마포구,계,남,2008.6,42.2,62.1,16.6,71.9,26.1,4.6,8.5,67.0,7.24
마포구,계,여,1989.9,34.4,56.3,10.1,68.1,28.5,10.1,7.2,76.2,7.04
마포구,19~44,계,2260.8,45.9,62.8,16.4,63.9,31.8,8.4,6.0,76.7,7.22
마포구,19~44,남,2313.4,49.2,63.8,20.9,66.3,33.3,5.6,6.2,70.1,7.42
마포구,19~44,여,2218.2,43.4,61.9,12.8,62.1,30.5,10.6,5.8,81.9,7.07
마포구,45~64,계,2001.0,36.3,53.5,12.7,68.2,29.6,7.4,6.3,76.8,7.18
마포구,45~64,남,1929.4,41.7,56.5,15.7,69.6,28.7,3.5,7.8,67.8,7.21
마포구,45~64,여,2051.1,32.5,51.5,10.7,67.3,30.2,10.1,5.3,82.8,7.17
마포구,65~74,계,1703.0,26.2,59.5,8.7,78.0,18.3,8.7,11.1,67.5,6.79
마포구,65~74,남,1715.6,32.7,65.4,11.5,78.0,15.4,3.8,11.5,71.2,6.75
마포구,65~74,여,1694.7,21.6,55.4,6.8,78.1,20.3,12.2,10.8,64.9,6.81
마포구,75 이상,계,1356.7,24.0,56.7,4.8,86.0,16.3,4.8,14.4,49.0,7.01
마포구,75 이상,남,1382.6,27.7,66.0,8.5,91.3,4.3,4.3,14.9,48.9,7.15
마포구,75 이상,여,1334.4,21.1,49.1,1.8,81.5,26.3,5.3,14.0,49.1,6.89
동작구,계,계,1910.8,44.4,65.7,16.4,78.5,20.7,4.9,9.0,66.6,7.19
동작구,계,남,1985.5,50.4,70.9,21.5,82.1,20.5,2.5,12.1,62.5,7.19
동작구,계,여,1853.9,39.6,61.6,12.4,75.7,20.8,6.9,6.5,69.8,7.2
동작구,19~44,계,2126.0,57.4,69.1,18.6,78.9,24.3,3.0,6.3,74.3,7.25
동작구,19~44,남,2142.1,60.8,74.3,22.8,82.4,24.0,1.2,8.8,73.1,7.2
동작구,19~44,여,2112.3,54.4,64.6,14.9,75.7,24.6,4.6,4.1,75.4,7.29
동작구,45~64,계,2163.8,41.7,65.3,20.0,80.1,22.3,5.0,11.0,72.0,7.35
동작구,45~64,남,2239.9,45.7,68.2,27.1,83.3,24.0,3.1,13.2,60.5,7.2
동작구,45~64,여,2106.5,38.6,63.2,14.6,77.6,21.1,6.4,9.4,80.7,7.47
동작구,65~74,계,1407.8,35.5,65.8,9.2,77.0,10.5,3.3,11.2,55.3,7.12
동작구,65~74,남,1569.6,42.6,67.6,8.8,79.4,10.3,2.9,16.2,51.5,7.22
동작구,65~74,여,1302.7,29.8,64.3,9.5,75.0,10.7,3.6,7.1,58.3,7.05
동작구,75 이상,계,1088.4,17.5,53.6,8.2,74.7,17.5,14.4,9.3,38.1,6.61
동작구,75 이상,남,1087.0,32.4,70.3,18.9,81.1,10.8,5.4,16.2,40.5,7.03
동작구,75 이상,여,1089.3,8.3,43.3,1.7,70.7,21.7,20.0,5.0,36.7,6.35
금천구,계,계,1793.8,34.9,61.1,13.8,52.6,25.0,7.9,12.6,66.0,6.67
금천구,계,남,1868.5,41.2,62.1,19.7,51.6,21.8,5.9,16.4,56.2,6.66
금천구,계,여,1730.0,29.6,60.3,8.7,53.4,27.7,9.5,9.3,74.5,6.68
금천구,19~44,계,1995.8,56.1,64.3,16.1,45.4,26.9,5.3,10.2,68.4,6.98
금천구,19~44,남,2126.9,63.0,67.3,24.8,46.4,23.6,5.5,12.7,62.4,6.92
금천구,19~44,여,1873.6,49.7,61.6,7.9,44.4,29.9,5.1,7.9,74.0,7.03
금천구,45~64,계,1915.4,25.0,62.6,14.1,55.3,24.4,9.6,14.3,69.9,6.61
금천구,45~64,남,1973.6,30.2,61.1,18.9,52.4,23.5,7.4,18.1,52.3,6.55
금천구,45~64,여,1873.7,21.3,63.8,10.6,57.4,25.1,11.1,11.6,82.6,6.64
금천구,65~74,계,1448.1,19.2,53.8,13.8,56.2,22.3,7.7,16.2,65.4,6.65
금천구,65~74,남,1594.7,25.4,52.2,19.4,55.2,19.4,3.0,22.4,56.7,6.73
금천구,65~74,여,1292.2,12.7,55.6,7.9,57.1,25.4,12.7,9.5,74.6,6.56
금천구,75 이상,계,1032.3,15.9,53.4,3.4,63.5,23.9,11.4,9.1,42.0,5.78
금천구,75 이상,남,907.8,19.5,61.0,2.4,62.5,12.2,7.3,14.6,43.9,5.83
금천구,75 이상,여,1143.2,12.8,46.8,4.3,64.4,34.0,14.9,4.3,40.4,5.74
구로구,계,계,1898.2,33.8,59.3,9.8,59.5,23.5,5.6,6.8,64.5,6.71
구로구,계,남,1942.0,40.1,60.3,14.3,65.2,20.5,2.7,7.9,55.9,6.75
구로구,계,여,1863.0,28.8,58.4,6.3,55.0,25.9,7.8,5.9,71.4,6.68
구로구,19~44,계,2132.1,46.7,63.9,12.5,54.2,31.2,3.7,4.0,73.8,6.8
구로구,19~44,남,2199.8,50.7,66.0,16.7,65.4,27.1,2.1,3.5,71.5,6.86
구로구,19~44,여,2076.6,43.5,62.1,9.0,45.3,34.5,5.1,4.5,75.7,6.76
구로구,45~64,계,2115.8,31.0,58.5,11.0,54.5,20.4,5.2,10.7,68.1,6.82
구로구,45~64,남,2117.1,39.0,59.1,17.1,59.4,19.0,2.4,13.4,52.4,6.91
구로구,45~64,여,2114.7,24.5,58.0,6.0,50.5,21.5,7.5,8.5,81.0,6.75
구로구,65~74,계,1300.1,24.8,59.1,6.6,75.0,19.0,9.5,6.6,53.3,6.65
구로구,65~74,남,1440.2,34.6,57.7,9.6,77.6,15.4,5.8,7.7,42.3,6.49
구로구,65~74,여,1211.4,18.8,60.0,4.7,73.5,21.2,11.8,5.9,60.0,6.75
구로구,75 이상,계,1049.4,13.8,46.8,1.1,73.3,16.0,7.4,1.1,35.1,6.05
구로구,75 이상,남,984.5,17.4,50.0,2.2,71.1,10.9,2.2,2.2,34.8,6.14
구로구,75 이상,여,1109.9,10.4,43.8,0.0,75.6,20.8,12.5,0.0,35.4,5.98
관악구,계,계,1812.0,37.7,60.6,11.9,80.5,25.4,6.6,8.4,65.2,7.18
관악구,계,남,1866.2,41.8,62.7,16.4,83.4,25.4,5.3,11.3,60.2,7.13
관악구,계,여,1770.8,34.5,59.0,8.5,78.3,25.4,7.5,6.2,69.0,7.22
관악구,19~44,계,2165.8,44.7,64.1,14.9,73.3,32.7,6.1,8.8,72.1,7.12
관악구,19~44,남,2211.3,49.4,64.4,20.6,77.3,34.4,5.6,14.4,68.9,7.18
관악구,19~44,여,2124.6,40.3,63.8,9.7,69.6,31.1,6.6,3.6,75.0,7.07
관악구,45~64,계,1889.8,38.0,62.7,11.9,84.6,25.1,8.8,7.5,68.8,7.08
관악구,45~64,남,1987.1,40.4,61.4,15.8,88.7,22.8,7.9,7.0,64.0,6.96
관악구,45~64,여,1829.0,36.5,63.5,9.4,82.1,26.5,9.4,7.7,71.8,7.16
관악구,65~74,계,1272.7,28.0,52.0,6.0,87.7,12.7,4.0,10.7,58.0,7.37
관악구,65~74,남,1218.5,35.7,60.7,3.6,90.7,10.7,1.8,12.5,42.9,7.18
관악구,65~74,여,1305.4,23.4,46.8,7.4,85.9,13.8,5.3,9.6,67.0,7.49
관악구,75 이상,계,1023.8,24.2,53.7,9.5,85.1,17.9,5.3,6.3,37.9,7.4
관악구,75 이상,남,1048.0,23.4,61.7,17.0,85.1,14.9,2.1,8.5,38.3,7.26
관악구,75 이상,여,999.5,25.0,45.8,2.1,85.1,20.8,8.3,4.2,37.5,7.53
강서구,계,계,1838.1,39.9,57.5,19.4,69.8,28.7,5.7,9.9,66.4,7.03
강서구,계,남,1936.8,44.1,61.4,23.5,70.2,25.0,3.2,10.1,60.4,7.05
강서구,계,여,1760.4,36.7,54.4,16.1,69.5,31.7,7.6,9.7,71.1,7.02
강서구,19~44,계,2082.0,54.9,59.4,21.2,64.8,33.5,5.6,7.6,71.3,7.09
강서구,19~44,남,2197.8,57.6,64.7,28.2,64.8,28.2,1.8,9.4,67.1,7.23
강서구,19~44,여,1975.1,52.4,54.6,14.7,64.8,38.4,9.2,5.9,75.1,6.97
강서구,45~64,계,1951.6,35.2,57.5,23.7,68.4,28.2,6.1,14.0,70.7,7.09
강서구,45~64,남,2051.0,38.9,56.9,26.4,69.3,25.7,4.9,13.9,60.4,7.08
강서구,45~64,여,1884.8,32.7,57.9,22.0,67.8,29.9,7.0,14.0,77.6,7.1
강서구,65~74,계,1386.3,21.3,56.6,11.5,77.9,20.5,4.9,7.4,55.7,6.98
강서구,65~74,남,1550.4,25.0,63.5,13.5,82.7,17.3,1.9,7.7,50.0,6.79
강서구,65~74,여,1262.7,18.6,51.4,10.0,74.3,22.9,7.1,7.1,60.0,7.13
강서구,75 이상,계,985.3,23.8,50.0,4.8,84.1,22.6,4.8,6.0,42.9,6.6
강서구,75 이상,남,875.3,28.9,60.5,5.3,78.9,18.4,5.3,2.6,44.7,6.43
강서구,75 이상,여,1076.2,19.6,41.3,4.3,88.6,26.1,4.3,8.7,41.3,6.73
중랑구,계,계,2294.1,35.1,61.3,21.1,66.4,24.4,7.4,11.4,61.4,7.19
중랑구,계,남,2241.8,41.6,63.0,23.3,68.4,18.8,4.8,14.5,52.0,7.17
중랑구,계,여,2331.3,30.8,60.1,19.6,65.2,28.2,9.2,9.3,67.8,7.21
중랑구,19~44,계,2533.3,48.1,64.6,25.6,59.2,29.5,8.4,10.7,68.8,7.15
중랑구,19~44,남,2630.2,51.2,70.5,30.2,63.6,24.8,7.0,14.7,59.7,7.2
중랑구,19~44,여,2463.8,45.8,60.3,22.3,56.2,33.0,9.5,7.8,75.4,7.11
중랑구,45~64,계,2586.3,32.0,57.9,21.6,65.2,22.2,7.3,12.6,66.0,7.24
중랑구,45~64,남,2324.1,35.7,53.2,23.0,61.3,17.5,3.2,12.7,52.4,7.02
중랑구,45~64,여,2733.4,30.0,60.4,20.9,67.3,24.8,9.6,12.6,73.5,7.36
중랑구,65~74,계,1714.5,25.7,64.7,19.2,78.5,20.4,5.4,12.6,55.7,7.1
중랑구,65~74,남,1868.0,41.5,65.9,20.7,80.0,15.9,3.7,17.1,46.3,7.11
중랑구,65~74,여,1542.5,10.6,63.5,17.6,77.1,24.7,7.1,8.2,64.7,7.1
중랑구,75 이상,계,1488.2,20.5,56.8,6.8,73.5,22.7,8.1,6.8,27.3,7.35
중랑구,75 이상,남,1564.3,27.8,63.9,5.6,82.4,8.3,5.6,13.9,36.1,7.77
중랑구,75 이상,여,1433.8,15.4,51.9,7.7,67.3,32.7,10.0,1.9,21.2,7.04
종로구,계,계,2204.0,32.8,43.3,13.6,82.5,26.3,3.2,8.3,60.0,6.91
종로구,계,남,2219.7,33.5,47.5,15.8,83.5,24.6,2.7,9.9,53.7,6.95
종로구,계,여,2191.4,32.3,40.0,11.8,81.7,27.6,3.5,7.1,65.0,6.89
종로구,19~44,계,2267.3,41.2,49.8,17.5,78.7,33.7,4.8,7.6,68.0,7.0
종로구,19~44,남,2286.3,41.5,51.4,17.6,81.3,32.4,5.6,9.2,58.5,6.99
종로구,19~44,여,2248.9,40.9,48.3,17.4,76.4,34.9,4.0,6.0,77.2,7.02
종로구,45~64,계,2637.5,33.8,41.0,14.2,83.1,24.5,1.8,8.5,67.3,6.95
종로구,45~64,남,2596.7,31.2,42.9,17.1,84.6,22.9,0.6,9.4,58.2,6.89
종로구,45~64,여,2669.2,35.8,39.4,11.9,81.9,25.7,2.8,7.8,74.3,7.0
종로구,65~74,계,1529.7,21.4,48.2,14.3,80.4,22.3,0.9,10.7,50.9,6.57
종로구,65~74,남,1670.3,28.0,52.0,18.0,80.0,20.0,2.0,10.0,50.0,6.64
종로구,65~74,여,1416.2,16.1,45.2,11.3,80.6,24.2,0.0,11.3,51.6,6.52
종로구,75 이상,계,1309.4,20.3,30.9,1.6,91.8,17.9,5.7,7.3,26.0,6.88
종로구,75 이상,남,1180.9,22.7,47.7,2.3,90.7,11.4,2.3,13.6,25.0,7.36
종로구,75 이상,여,1381.0,19.0,21.5,1.3,92.4,21.5,7.6,3.8,26.6,6.61
은평구,계,계,1821.4,30.2,63.5,13.3,82.4,26.6,9.8,10.8,68.7,6.78
은평구,계,남,1814.2,36.7,65.0,17.8,85.9,23.8,6.7,15.1,60.4,6.86
은평구,계,여,1826.4,25.7,62.5,10.3,80.1,28.5,11.9,7.8,74.4,6.73
은평구,19~44,계,2196.9,43.9,72.0,21.0,81.9,31.7,8.9,10.3,76.4,7.03
은평구,19~44,남,2266.0,56.8,75.4,32.2,86.7,27.1,5.9,16.9,69.5,7.03
은평구,19~44,여,2143.7,34.0,69.3,12.4,78.3,35.3,11.1,5.2,81.7,7.02
은평구,45~64,계,2126.8,31.3,59.3,12.7,80.4,28.0,6.3,10.6,75.3,6.8
은평구,45~64,남,2052.7,31.4,59.1,10.9,80.6,25.5,5.1,13.1,62.8,6.96
은평구,45~64,여,2179.4,31.3,59.5,13.8,80.2,29.7,7.2,8.8,84.1,6.69
은평구,65~74,계,1233.9,21.8,61.5,12.4,83.8,22.3,12.8,13.6,61.5,6.56
은평구,65~74,남,1232.3,31.1,52.5,20.0,88.5,23.0,9.8,16.7,50.8,6.62
은평구,65~74,여,1234.8,16.9,66.1,8.5,81.4,22.0,14.4,12.0,66.9,6.52
은평구,75 이상,계,1090.4,10.5,59.4,0.8,86.9,18.2,16.5,8.3,46.6,6.52
은평구,75 이상,남,904.1,12.7,70.9,1.8,94.4,13.0,9.1,14.5,45.5,6.47
은평구,75 이상,여,1221.7,9.0,51.3,0.0,81.6,21.8,21.8,3.8,47.4,6.55
성북구,계,계,2151.3,36.9,59.4,14.6,79.9,26.5,7.6,11.9,62.5,6.84
성북구,계,남,2108.7,44.1,63.3,19.2,82.4,23.2,7.0,15.0,56.1,6.89
성북구,계,여,2184.4,31.2,56.4,11.0,78.0,29.1,8.1,9.5,67.4,6.81
성북구,19~44,계,2281.2,43.3,59.4,18.0,75.3,36.1,7.8,7.8,69.9,7.07
성북구,19~44,남,2207.3,48.7,64.3,21.6,76.8,33.1,8.4,9.1,64.9,7.12
성북구,19~44,여,2343.9,38.7,55.2,14.9,74.0,38.7,7.2,6.6,74.0,7.04
성북구,45~64,계,2404.6,38.9,60.5,16.4,80.9,21.0,7.3,15.8,69.3,7.02
성북구,45~64,남,2293.9,48.2,60.3,23.4,87.2,17.0,7.1,19.9,56.7,7.08
성북구,45~64,여,2489.2,31.9,60.6,11.2,76.1,23.9,7.4,12.8,78.7,6.98
성북구,65~74,계,1773.2,26.0,59.7,11.0,84.2,17.5,6.5,13.0,49.4,6.48
성북구,65~74,남,2012.1,30.2,66.7,14.3,84.1,15.9,3.2,19.0,42.9,6.49
성북구,65~74,여,1607.5,23.1,54.9,8.8,84.3,18.7,8.8,8.8,53.8,6.47
성북구,75 이상,계,1452.2,25.3,55.6,3.0,85.9,26.3,10.1,11.1,35.4,6.01
성북구,75 이상,남,1257.0,34.9,65.1,4.7,83.7,18.6,7.0,14.0,41.9,6.0
성북구,75 이상,여,1596.9,17.9,48.2,1.8,87.5,32.1,12.5,8.9,30.4,6.02
서대문구,계,계,1822.7,38.9,51.8,13.9,78.1,27.4,6.8,9.4,65.6,7.12
서대문구,계,남,1893.6,44.6,55.5,19.2,81.5,28.2,4.9,11.8,62.1,7.21
서대문구,계,여,1769.6,34.6,49.0,10.1,75.6,26.9,8.2,7.6,68.2,7.06
서대문구,19~44,계,2064.9,55.6,55.3,18.7,76.2,31.3,6.7,11.1,76.0,7.28
서대문구,19~44,남,1987.7,60.9,62.1,25.2,80.4,31.7,3.7,14.1,67.7,7.39
서대문구,19~44,여,2137.0,50.6,48.8,12.4,72.2,31.0,9.6,8.1,83.9,7.17
서대문구,45~64,계,1929.6,38.7,52.5,12.5,77.5,26.3,6.4,12.3,69.0,7.11
서대문구,45~64,남,2003.7,44.2,50.8,17.2,82.2,32.5,5.8,15.0,60.8,7.08
서대문구,45~64,여,1879.9,35.0,53.7,9.3,74.3,22.0,6.8,10.5,74.6,7.13
서대문구,65~74,계,1759.6,27.8,52.7,14.5,81.5,18.5,5.3,6.3,58.9,7.27
서대문구,65~74,남,2190.6,25.4,59.3,14.0,78.0,16.9,5.1,3.6,66.1,7.34
서대문구,65~74,여,1465.5,29.3,48.4,14.8,83.7,19.6,5.4,8.1,54.3,7.23
서대문구,75 이상,계,1048.9,11.5,40.9,5.3,80.2,30.4,9.4,2.2,40.6,6.6
서대문구,75 이상,남,964.8,16.0,40.8,10.6,87.5,20.0,6.0,6.2,42.0,6.8
서대문구,75 이상,여,1098.7,9.0,40.9,2.3,75.9,36.4,11.4,0.0,39.8,6.49
도봉구,계,계,1816.5,34.9,55.0,14.7,82.3,25.9,4.7,9.2,64.7,6.86
도봉구,계,남,1823.9,43.0,61.1,21.4,84.3,20.9,2.5,12.0,61.8,6.98
도봉구,계,여,1810.9,28.9,50.5,9.8,80.8,29.6,6.3,7.1,66.9,6.77
도봉구,19~44,계,1917.4,44.8,55.2,22.2,81.9,31.3,5.1,6.1,74.1,6.97
도봉구,19~44,남,1906.2,57.4,62.5,29.4,81.2,27.2,1.5,8.1,71.3,7.07
도봉구,19~44,여,1926.9,34.2,49.1,16.1,82.5,34.8,8.1,4.3,76.4,6.88
도봉구,45~64,계,2017.7,37.6,55.6,13.7,82.1,26.5,4.8,10.5,67.8,6.89
도봉구,45~64,남,2066.8,43.0,56.3,19.0,84.4,21.1,2.1,13.4,59.2,7.06
도봉구,45~64,여,1983.9,34.0,55.0,10.0,80.5,30.1,6.7,8.6,73.7,6.77
도봉구,65~74,계,1537.0,19.1,56.7,9.6,82.7,18.5,2.5,13.4,61.8,6.75
도봉구,65~74,남,1562.7,20.8,63.9,16.7,87.3,15.3,4.2,16.7,59.7,6.72
도봉구,65~74,여,1515.6,17.6,50.6,3.5,78.8,21.2,1.2,10.6,63.5,6.76
도봉구,75 이상,계,1305.0,22.5,50.5,5.4,83.6,19.8,6.3,7.2,34.2,6.66
도봉구,75 이상,남,1188.0,34.9,67.4,11.6,88.4,9.3,4.7,11.6,44.2,6.84
도봉구,75 이상,여,1379.0,14.7,39.7,1.5,80.6,26.5,7.4,4.4,27.9,6.54
노원구,계,계,1767.4,34.0,63.0,14.8,93.4,20.2,6.8,15.8,59.5,6.65
노원구,계,남,1785.9,37.9,68.8,18.2,94.6,18.8,6.0,15.7,51.8,6.72
노원구,계,여,1754.7,31.3,59.0,12.6,92.7,21.2,7.3,15.8,64.7,6.61
노원구,19~44,계,1947.8,50.5,64.1,15.6,91.6,21.3,5.6,12.6,60.5,6.86
노원구,19~44,남,1999.5,55.8,69.0,21.7,93.8,20.2,5.4,11.6,49.6,6.91
노원구,19~44,여,1907.4,46.5,60.5,11.0,90.1,22.1,5.8,13.4,68.6,6.81
노원구,45~64,계,2044.2,33.0,66.1,16.2,93.8,22.1,7.4,20.4,64.3,6.51
노원구,45~64,남,2027.8,36.8,70.7,20.3,95.5,21.1,6.0,20.3,54.1,6.52
노원구,45~64,여,2054.7,30.6,63.1,13.6,92.7,22.8,8.3,20.4,70.9,6.51
노원구,65~74,계,1297.4,16.1,65.8,14.9,93.8,18.0,9.3,17.4,63.4,6.5
노원구,65~74,남,1393.1,16.9,66.2,12.3,92.3,15.4,9.2,16.9,56.9,6.5
노원구,65~74,여,1229.9,15.6,65.6,16.7,94.8,19.8,9.4,17.7,67.7,6.49
노원구,75 이상,계,1118.9,18.8,47.0,8.5,96.6,14.9,4.4,8.5,37.6,6.75
노원구,75 이상,남,960.0,19.0,66.7,9.5,97.6,12.2,2.4,11.9,42.9,7.1
노원구,75 이상,여,1211.0,18.7,36.0,8.0,96.0,16.4,5.6,6.7,34.7,6.56
강북구,계,계,1557.9,32.4,52.9,8.9,81.4,23.3,6.3,6.5,61.8,6.77
강북구,계,남,1617.1,36.0,53.9,14.0,80.5,18.9,5.9,9.7,52.2,6.75
강북구,계,여,1513.0,29.6,52.2,5.1,82.1,26.6,6.7,4.2,69.1,6.78
강북구,19~44,계,1780.3,52.8,61.5,14.0,76.6,35.1,7.2,9.4,69.1,6.96
강북구,19~44,남,1895.4,53.0,61.5,19.7,75.7,29.1,6.0,13.7,65.0,6.97
강북구,19~44,여,1687.7,52.7,61.5,9.5,77.4,39.9,8.1,6.1,72.3,6.96
강북구,45~64,계,1765.3,29.4,53.2,7.6,79.9,19.3,4.9,7.6,67.6,6.81
강북구,45~64,남,1830.6,35.5,48.2,11.3,82.1,17.0,5.0,12.8,53.2,6.82
강북구,45~64,여,1716.2,24.7,57.0,4.8,78.3,21.0,4.8,3.8,78.5,6.81
강북구,65~74,계,1310.8,21.5,48.7,5.1,80.4,24.2,7.7,3.8,58.2,6.59
강북구,65~74,남,1274.8,25.4,52.4,7.9,77.8,22.2,6.5,1.6,41.3,6.21
강북구,65~74,여,1334.8,18.9,46.3,3.2,82.1,25.5,8.5,5.3,69.5,6.85
강북구,75 이상,계,1036.3,16.1,42.9,7.1,92.8,11.4,6.6,2.4,42.5,6.55
강북구,75 이상,남,1065.5,19.2,54.2,15.3,87.5,2.8,7.0,4.2,38.9,6.77
강북구,75 이상,여,1013.1,13.7,34.4,1.0,96.8,17.9,6.3,1.0,45.3,6.38
중구,계,계,1988.5,43.6,65.2,24.3,82.5,21.4,2.7,9.4,59.1,6.85
중구,계,남,2026.6,46.9,65.5,26.7,82.8,20.7,2.5,9.8,51.8,6.75
중구,계,여,1953.0,40.5,64.9,22.1,82.2,22.1,2.9,9.1,65.8,6.94
중구,19~44,계,2395.0,68.0,64.6,29.3,76.1,24.7,2.0,8.2,70.2,7.02
중구,19~44,남,2452.9,68.6,65.4,35.7,77.3,18.9,1.6,11.4,63.2,6.92
중구,19~44,여,2332.3,67.3,63.7,22.4,74.7,31.0,2.3,4.7,77.8,7.13
중구,45~64,계,2080.9,35.0,69.9,26.9,82.3,19.9,2.4,12.3,64.2,6.76
중구,45~64,남,2070.4,35.7,65.8,25.5,83.2,24.1,2.5,10.1,50.0,6.54
중구,45~64,여,2090.6,34.5,73.6,28.2,81.4,16.1,2.3,14.4,77.0,6.95
중구,65~74,계,1314.5,22.5,68.3,17.5,90.8,18.3,5.0,9.2,49.2,6.74
중구,65~74,남,1328.8,24.6,71.9,14.0,91.2,22.8,3.6,7.0,40.4,6.41
중구,65~74,여,1301.5,20.6,65.1,20.6,90.5,14.3,6.3,11.1,57.1,7.03
중구,75 이상,계,1157.2,13.0,49.1,7.4,95.3,18.5,3.7,4.6,17.6,6.67
중구,75 이상,남,927.5,22.5,55.0,7.5,95.0,12.5,5.0,5.0,22.5,7.27
중구,75 이상,여,1292.9,7.4,45.6,7.4,95.5,22.1,2.9,4.4,14.7,6.31
용산구,계,계,2061.0,49.3,70.1,20.8,84.7,12.8,1.8,12.7,71.6,7.14
용산구,계,남,2030.5,52.5,70.4,27.0,85.8,12.1,1.4,15.1,67.8,7.06
용산구,계,여,2086.5,46.6,69.8,15.5,83.7,13.5,2.2,10.7,74.8,7.22
용산구,19~44,계,2217.1,70.8,67.3,23.9,76.4,20.1,2.8,8.5,77.5,7.26
용산구,19~44,남,2106.0,78.8,66.7,34.1,77.3,16.7,3.0,13.6,75.0,7.22
용산구,19~44,여,2310.6,63.8,67.8,15.1,75.7,23.0,2.6,3.9,79.6,7.3
용산구,45~64,계,2233.2,50.0,75.0,24.1,85.3,12.1,1.2,13.8,76.2,7.24
용산구,45~64,남,2180.5,49.4,72.0,26.8,86.6,14.0,0.6,12.8,70.7,7.08
용산구,45~64,여,2282.1,50.6,77.8,21.6,84.1,10.2,1.7,14.8,81.2,7.39
용산구,65~74,계,1864.4,35.0,70.0,18.6,90.7,7.1,2.1,18.6,72.1,7.08
용산구,65~74,남,2042.8,36.8,70.2,26.3,93.0,5.3,1.8,24.6,63.2,7.02
용산구,65~74,여,1741.8,33.7,69.9,13.3,89.2,8.4,2.4,14.5,78.3,7.12
용산구,75 이상,계,1554.8,21.3,64.5,9.7,92.9,6.5,1.3,12.9,50.3,6.78
용산구,75 이상,남,1499.7,22.9,74.3,14.3,94.3,4.3,0.0,15.7,51.4,6.74
용산구,75 이상,여,1599.1,20.0,56.5,5.9,91.8,8.2,2.4,10.6,49.4,6.81
송파구,계,계,2197.3,44.1,71.4,16.9,86.8,21.7,6.2,11.8,71.6,7.15
송파구,계,남,2265.6,48.5,73.9,19.4,89.2,18.7,4.0,15.2,66.9,7.33
송파구,계,여,2144.4,40.7,69.5,15.0,84.9,24.0,7.9,9.2,75.2,7.01
송파구,19~44,계,2239.1,53.1,72.0,16.3,84.9,27.2,4.4,7.3,76.2,7.09
송파구,19~44,남,2295.3,57.1,74.6,20.9,87.6,24.3,2.8,10.2,70.1,7.24
송파구,19~44,여,2191.3,49.8,69.9,12.4,82.7,29.7,5.7,4.8,81.3,6.96
송파구,45~64,계,2339.1,39.9,68.5,19.8,85.5,21.0,8.4,15.0,77.2,7.3
송파구,45~64,남,2376.5,41.1,70.9,19.1,89.3,17.7,7.8,16.3,68.8,7.43
송파구,45~64,여,2311.8,39.1,66.7,20.3,82.7,23.4,8.9,14.1,83.3,7.2
송파구,65~74,계,2023.3,37.3,78.2,17.6,92.9,12.0,6.3,16.9,62.0,7.21
송파구,65~74,남,2186.2,48.2,80.4,21.4,94.5,7.1,0.0,26.8,58.9,7.39
송파구,65~74,여,1917.2,30.2,76.7,15.1,91.9,15.1,10.5,10.5,64.0,7.09
송파구,75 이상,계,1560.7,25.8,67.7,3.2,91.5,12.9,4.8,11.3,35.5,6.63
송파구,75 이상,남,1686.4,32.1,71.4,7.1,89.3,10.7,0.0,17.9,53.6,7.25
송파구,75 이상,여,1450.6,20.6,64.7,0.0,93.5,14.7,8.8,5.9,20.6,6.12
성동구,계,계,2165.3,34.4,62.2,19.0,68.5,29.6,7.2,13.2,68.0,6.95
성동구,계,남,2177.3,36.8,63.0,22.3,70.6,29.7,6.4,14.7,56.9,6.93
성동구,계,여,2155.7,32.5,61.5,16.4,66.7,29.6,7.9,12.0,76.9,6.96
성동구,19~44,계,2484.7,45.9,62.6,23.8,66.3,37.7,9.0,11.2,73.2,7.09
성동구,19~44,남,2528.2,48.8,62.8,29.9,65.2,39.0,10.4,15.2,61.0,7.01
성동구,19~44,여,2449.6,43.6,62.4,18.8,67.2,36.6,7.9,7.9,83.2,7.15
성동구,45~64,계,2412.1,28.4,61.9,20.1,66.6,28.4,6.1,17.1,71.3,6.9
성동구,45~64,남,2390.0,30.1,60.8,20.3,71.8,29.4,4.2,14.0,60.1,6.78
성동구,45~64,여,2429.1,27.0,62.7,20.0,62.5,27.6,7.6,19.5,80.0,6.99
성동구,65~74,계,1340.3,28.9,64.8,11.7,72.4,15.6,3.1,11.7,62.5,6.81
성동구,65~74,남,1384.8,30.2,65.1,14.3,79.0,12.7,1.6,14.3,50.8,7.03
성동구,65~74,여,1297.2,27.7,64.6,9.2,66.2,18.5,4.6,9.2,73.8,6.6
성동구,75 이상,계,1168.5,18.3,58.1,6.5,78.3,21.5,9.7,9.7,43.0,6.77
성동구,75 이상,남,1179.3,21.1,68.4,10.5,75.7,18.4,5.3,15.8,36.8,7.0
성동구,75 이상,여,1161.0,16.4,50.9,3.6,80.0,23.6,12.7,5.5,47.3,6.62
서초구,계,계,3037.7,55.7,56.1,17.1,80.6,25.2,6.2,13.3,76.4,7.33
서초구,계,남,3009.9,61.3,63.7,19.5,80.7,27.2,6.0,16.0,73.6,7.41
서초구,계,여,3059.1,51.3,50.1,15.3,80.5,23.7,6.4,11.3,78.6,7.27
서초구,19~44,계,2818.8,71.1,58.2,20.4,76.6,33.7,7.6,11.0,76.2,7.33
서초구,19~44,남,2664.0,72.1,65.2,23.6,78.0,33.9,7.9,14.5,70.3,7.35
서초구,19~44,여,2956.9,70.2,52.1,17.6,75.4,33.5,7.4,8.0,81.4,7.31
서초구,45~64,계,3552.2,50.7,52.9,17.8,79.3,24.2,4.5,13.4,81.9,7.34
서초구,45~64,남,3677.1,53.4,60.8,18.2,79.1,30.4,4.7,16.2,81.8,7.36
서초구,45~64,여,3465.8,48.8,47.4,17.5,79.5,19.9,4.3,11.4,82.0,7.32
서초구,65~74,계,2633.5,41.0,60.7,13.1,86.0,13.1,9.0,18.9,73.0,7.34
서초구,65~74,남,2987.1,58.5,69.8,17.0,88.7,9.4,7.5,13.2,64.2,7.49
서초구,65~74,여,2377.5,27.5,53.6,10.1,83.8,15.9,10.1,23.2,79.7,7.23
서초구,75 이상,계,2415.1,32.9,53.7,6.1,95.1,11.0,3.7,14.6,58.5,7.28
서초구,75 이상,남,1961.3,48.6,60.0,8.6,88.2,8.6,0.0,25.7,68.6,7.77
서초구,75 이상,여,2731.8,21.3,48.9,4.3,100.0,12.8,6.4,6.4,51.1,6.91
동대문구,계,계,1768.8,35.7,49.5,17.2,63.8,27.8,8.0,6.2,61.2,6.74
동대문구,계,남,1796.2,44.0,53.4,22.0,68.0,27.3,5.1,7.2,51.4,6.83
동대문구,계,여,1746.3,28.8,46.3,13.3,60.2,28.2,10.3,5.4,69.2,6.67
동대문구,19~44,계,1864.4,43.5,54.8,19.0,58.7,37.2,9.5,3.0,67.9,6.88
동대문구,19~44,남,1892.1,49.0,63.4,26.8,65.1,35.9,5.9,5.9,60.8,6.95
동대문구,19~44,여,1841.1,38.8,47.5,12.6,53.3,38.3,12.6,0.5,73.8,6.81
동대문구,45~64,계,1948.1,32.0,46.9,18.5,61.9,27.3,5.6,8.5,66.3,6.75
동대문구,45~64,남,1973.9,41.2,46.4,19.6,68.6,25.5,3.3,9.8,57.5,6.88
동대문구,45~64,여,1927.2,24.5,47.3,17.6,56.5,28.7,7.4,7.4,73.4,6.64
동대문구,65~74,계,1373.3,30.1,46.2,18.2,70.6,15.4,7.0,9.8,54.5,6.65
동대문구,65~74,남,1402.1,39.7,47.6,25.4,73.0,17.5,6.3,6.3,31.7,6.59
동대문구,65~74,여,1350.6,22.5,45.0,12.5,68.8,13.8,7.5,12.5,72.5,6.7
동대문구,75 이상,계,1393.8,29.9,45.4,5.2,77.3,15.5,12.4,4.1,29.9,6.39
동대문구,75 이상,남,1421.6,42.2,51.1,8.9,68.9,17.8,6.7,4.4,26.7,6.6
동대문구,75 이상,여,1369.8,19.2,40.4,1.9,84.6,13.5,17.3,3.8,32.7,6.21
광진구,계,계,1983.4,41.8,58.3,19.4,77.3,24.4,6.4,12.9,69.8,7.17
광진구,계,남,2057.3,48.1,57.3,23.9,78.8,22.9,6.1,12.5,64.2,7.22
광진구,계,여,1919.8,36.3,59.2,15.6,76.1,25.8,6.7,13.2,74.6,7.12
광진구,19~44,계,2200.1,52.9,63.2,22.9,72.4,33.8,7.3,12.3,77.6,7.2
광진구,19~44,남,2214.3,58.1,64.0,28.5,75.4,33.3,5.9,14.0,74.2,7.16
광진구,19~44,여,2187.4,48.3,62.6,18.0,69.7,34.1,8.5,10.9,80.6,7.24
광진구,45~64,계,1983.2,36.2,54.3,18.8,78.0,19.0,6.8,14.5,67.1,7.31
광진구,45~64,남,2139.8,44.7,48.7,24.5,78.3,17.8,7.2,11.8,59.2,7.39
광진구,45~64,여,1854.6,29.2,58.9,14.1,77.8,20.0,6.5,16.8,73.5,7.24
광진구,65~74,계,1550.4,30.8,52.5,12.5,82.5,15.0,3.3,15.8,63.3,6.79
광진구,65~74,남,1596.6,33.3,54.4,8.8,84.2,12.3,5.3,14.0,54.4,7.0
광진구,65~74,여,1508.6,28.6,50.8,15.9,81.0,17.5,1.6,17.5,71.4,6.6
광진구,75 이상,계,1441.1,22.2,60.3,14.3,95.2,12.7,4.8,1.6,47.6,6.9
광진구,75 이상,남,1517.6,31.0,65.5,20.7,93.1,3.4,3.4,3.4,44.8,7.1
광진구,75 이상,여,1375.9,14.7,55.9,8.8,97.1,20.6,5.9,0.0,50.0,6.74
강동구,계,계,2006.3,47.3,53.8,21.7,80.5,21.4,7.3,11.5,70.0,7.13
강동구,계,남,2069.4,54.3,57.2,26.3,82.8,17.1,3.9,12.6,64.5,7.3
강동구,계,여,1954.0,41.5,51.0,18.0,78.5,24.9,10.1,10.7,74.5,6.99
강동구,19~44,계,2159.9,59.9,57.8,23.9,77.4,26.2,7.5,11.3,75.6,7.24
강동구,19~44,남,2235.5,64.4,63.3,30.6,80.8,21.7,2.8,12.8,70.6,7.49
강동구,19~44,여,2095.2,56.0,53.1,18.2,74.5,30.1,11.5,10.0,79.9,7.02
강동구,45~64,계,2108.6,45.2,53.0,22.9,80.1,18.4,6.6,11.7,72.3,7.13
강동구,45~64,남,2119.1,54.9,52.1,26.8,82.1,14.8,4.2,12.0,66.2,7.2
강동구,45~64,여,2100.5,37.9,53.7,20.0,78.5,21.1,8.4,11.6,76.8,7.08
강동구,65~74,계,1702.4,34.1,54.3,20.2,87.6,14.7,7.0,12.4,65.9,7.09
강동구,65~74,남,1952.1,42.1,56.1,22.8,87.7,7.0,3.5,12.3,59.6,7.33
강동구,65~74,여,1491.8,27.8,52.8,18.1,87.5,20.8,9.7,12.5,70.8,6.89
강동구,75 이상,계,1244.4,11.4,34.3,7.1,86.2,21.4,10.0,10.0,35.7,6.58
강동구,75 이상,남,1231.9,20.0,48.6,8.6,88.2,20.0,8.6,14.3,34.3,6.71
강동구,75 이상,여,1256.8,2.9,20.0,5.7,83.9,22.9,11.4,5.7,37.1,6.44
강남구,계,계,2767.5,45.8,57.0,15.6,74.5,27.5,5.7,10.6,70.8,7.34
강남구,계,남,2910.7,50.1,59.1,20.5,75.8,27.1,4.6,11.5,66.8,7.36
강남구,계,여,2661.6,42.6,55.6,12.1,73.5,27.9,6.6,10.0,73.8,7.33
강남구,19~44,계,2850.5,50.7,60.9,18.4,66.9,36.7,8.2,10.1,75.8,7.34
강남구,19~44,남,3027.1,54.4,61.1,27.2,67.6,32.8,7.2,11.1,72.8,7.41
강남구,19~44,여,2715.3,47.9,60.7,11.5,66.4,39.7,9.0,9.4,78.2,7.29
강남구,45~64,계,2924.2,46.7,55.8,14.5,80.9,22.8,3.1,9.1,72.4,7.42
강남구,45~64,남,2971.8,50.0,58.7,14.7,84.6,26.7,2.7,8.7,68.7,7.43
강남구,45~64,여,2888.0,44.3,53.7,14.4,78.1,19.9,3.5,9.5,75.1,7.41
강남구,65~74,계,2329.0,29.9,55.7,12.4,78.4,12.4,3.1,18.6,59.8,7.31
강남구,65~74,남,2657.1,28.2,59.0,17.9,84.6,7.7,0.0,17.9,46.2,7.1
강남구,65~74,여,2112.3,31.0,53.4,8.6,74.1,15.5,5.2,19.0,69.0,7.45
강남구,75 이상,계,1957.8,31.7,40.0,8.3,83.3,16.7,8.3,10.0,45.0,6.98
강남구,75 이상,남,1971.8,54.5,45.5,9.1,68.2,18.2,4.5,22.7,40.9,7.0
강남구,75 이상,여,1949.7,18.4,36.8,7.9,92.1,15.8,10.5,2.6,47.4,6.97
